02138;0
119077;0
27325 - Dublin;0
27326 - Dublin;0
32769 - Palmerston North;0
574421;0
6207;0
8244;0
824 - Ayr;1
8827;0
Aalborg;0
Aalto;0
Aarhus;0
Aarhus - Denmark;0
Aberdeen;1
Aberdeen, Belfast, Birmingham, Edinburgh, Glasgow, Leeds, London, Manchester;1
Aberdeen, Bergen;1
Aberdeen, Birmingham, Cambridge, Edinburgh, Hertford, London, Northampton, Plymouth, Swansea;1
Aberdeen, Cambridge;1
Aberdeen, Dar Es Salaam;1
Aberdeen, Dundee;1
Aberdeen, Dundee, Edinburgh, Glasgow, Paisley, Saint Andrews;1
Aberdeen, Edinburgh, Cork;1
Aberdeen, Glasgow;1
Aberdeen, Hadong-gun;1
Aberdeen, Inverness;1
Aberystwyth;1
Aberystwyth, China;1
Aberystwyth, Lampeter;1
Aberystwyth, Lincoln;1
Abingdon;1
Abingdon, Manchester;1
Abingdon, Oxford;1
Abington;1
Abu Dhabi;0
Abu Dhabi - United Arab Emirates;0
Abu Dhabi, United Arab Emirates;0
Abuja;0
Academic Locations;
Accra;0
Acklington;1
Acton;1
Adalaide;0
Addingham;1
Addis Ababa;0
Addlestone;1
Adelaide;0
Adelaide - Australia;
Adelaide, Australia;0
Adilya;0
Adliya;0
Aguascalientes;0
Aintree;1
Aix-en-provence;0
Akita;0
Alabama;0
Al-ahsa;0
Al Ain;0
Albany;0
AlbanyA;0
Albany - New Zealand;0
Albany, New Zealand;0
Albany, New Zealand - New Zealand;0
Albany, Palmerston North;0
Albany / Wellington;0
Alberta;0
Albrighton;1
Al Buraimi;0
Alcester;1
Alcester, Rotherham;1
Alderley Edge;1
Aldermaston;1
Aldermaston, London;1
Aldershot;1
Alford, Lincoln;1
Alfreton;1
Algeria;0
Al Gharbia;0
Al Gharbia., Ajman;0
Algiers;0
All Locations;1
Alloa;1
Almaty;0
Almaty, Kazakhstan;0
Alness;1
Alness, Dundee;1
Al Sayh;0
Altnagelvin;1
Alton;1
Altrincham;1
Amblecote;1
Ambleside;1
Ambleside, Carlisle;1
Ambleside, Carlisle, Lancaster;1
Amersham;1
Amersham, High Wycombe;1
Amesbury;1
Amherst;0
Amman;0
Amman, Jordan;0
Amsterdam;0
Amsterdam - Netherlands;0
Amsterdam, New York;0
Andover;1
Andover, Hampshire;1
Andover, Sparsholt;1
Andover, Sparsholt, Winchester;1
Andover, Winchester;1
Angers;0
Angers, Shanghai;0
Ankara;0
Ann Arbor;0
Anse Royal;0
Anse Royale;0
Anse Royale, Mahé - Seychelles;0
Ansty;1
Ansty, Loughborough;1
Antalya;0
Antarctic;0
Antarctica;0
Antarctica, Rothera Point Airport;0
Antrim;1
Antwerp;0
Antwerp, Belgium;0
Antwerpen;0
Appleby;1
Appleton;1
Ardingly;1
Arima;0
Armagh;1
Armidale;0
Armidale - Australia;0
Armidale, Australia;0
Armidale, Dubai;0
Arundel;1
Ascot;1
Ascot, London;1
Ashbourne;1
Ashdown;1
Ashford;1
Ashford, Tonbridge;1
Ashington;1
Ashton-under-lyne;1
Ashtown;0
Ashurst;1
Ashurst, Southampton;1
Ashwell;1
Astana;0
Astana, Kazakhstan - Kazakhstan;0
Aston;1
Astown;0
Athenry;0
Athenry, Ashtown;1
Athenry, Ireland;0
Athens;0
Athens, Greece;0
Atherstone;1
Athlone;0
Atlanta;0
Atlanta - United States;0
Auckland;0
Auckland, Albany;0
Auckland City;0
Auckland, Grafton;0
Auckland - New Zealand;0
Auckland, New Zealand;0
Auckland, Palmerston North, New Zealand;0
Auckland, Tamaki;0
Augsburg;0
Augsburg - Germany;0
Aukland;0
Austin;0
Austrailia;0
Australia;0
Australia, Caulfield;0
Australia, North Sydney;0
Australia, Sydney - Australia;0
Aveiro;0
Aveiro, Portugal;0
Avery Hill;1
Aylesbury;1
Aylesbury, High Wycombe;1
Aylesford, Birmingham;1
Ayr;1
Ayr, Edinburgh;1
Ayr, Paisley;1
Ayr, Paisley, Lanarkshire;1
Babraham;1
Bahrain;0
Ballarat;0
Ballerup;0
Ballerup, Lyngby - Denmark;1
Ballinasloe;0
Ballinrobe;0
Ballybrit;0
Ballyhaise;0
Baltimore;0
Bamberg;0
Banbury;1
Banbury, Oxford;1
Bangalore;0
Bangalore, Babraham;0
Bangkok;0
Bangon;1
Bangor;1
Bangor, Cardiff;1
Bangor, Cardiff, Swansea;1
Bangor, Leeds;1
Bangor, Swansea;1
Bangor, Wrexham;1
Banjul;0
Bankok;0
Banstead;1
Baoding;0
Barbados;0
Barby;1
Barcelona;0
Barcelona - Spain;0
Barcelona, Spain;0
Barking;1
Barking, Dagenham;1
Barmouth;1
Barnard Castle;1
Barnard Castle, Durham;1
Barnes;1
Barnet;1
Barnsbury;1
Barnsley;1
Barnsley, Chesterfield, Doncaster, Lincoln, Milton Keynes, Northampton, Nottingham, Rotherham, Sheffield;1
Barnstaple;1
Barnstaple, Bideford, Exeter, Tiverton;1
Barnstaple, Bristol, Saint Austell, North Somerset;1
Barnstaple, Devon;1
Barnstaple, Exeter;1
Barrowford;1
Barrow-in-furness;1
Barrow In Furness, Carlisle;1
Basel;0
Basel, Switzerland;0
Basildon;1
Basildon, London, Essex;1
Basingstoke;1
Baslow;1
Baslow, Sheffield;1
Basque Country - Spain;0
Basse;0
Bath;1
Bath, Bristol;1
Bath, Bristol, Exeter, Newquay, Paignton, Plymouth, Taunton, Wales;1
Bath, Didcot;1
Bath, Leeds, London;1
Bath, Liverpool;1
Bath, Newton Park;1
Bath, Oxford;1
Bath Spa;1
Bath, United Kingdom;1
Bathurst;1
Bath, Yeovil;1
Batley;1
Battersea;1
Battle;1
Beaconsfield;1
Beaminster;1
Bearsden;1
Bebington;1
Beckenham;1
Bedford;1
Bedford, Guildford;1
Bedford, Luton;1
Bedfordshire;1
Bedwas;1
Beighton;1
Beijing;0
Beijing, Asia;0
Beijing - China, Dublin;0
Beijing, Guangzhou;0
Beirut;0
Belfast;1
Belfast, Cardiff, Edinburgh, London, Manchester;1
Belfast, Cardiff, Edinburgh, Manchester, Milton Keynes, Nottingham;1
Belfast, Coleraine;1
Belfast, Coleraine, Jordanstown, Magee;1
Belfast, Jordanstown;1
Belfast, Jordanstown, Magee;1
Belfast, Kuala Lumpur;1
Belfast, Leeds, Manchester, Norwich;1
Belfast, London;1
Belfast, Milton Keynes;1
Belfast, Newforge Lane;1
Belfast, Portaferry;1
Belfast, Southampton;1
Belfast, Stormont;1
Belgium;0
Belgium, Liège;0
Bellville;0
Belville;0
Bendigo;0
Benfleet;1
Benfleet, Essex;1
Bentley;0
Berekely;0
Bergen;0
Berkeley;0
Berkhampstead;1
Berlin;0
Berlin - Germany;0
Berlin, Germany;0
Bern;0
Berne;0
Bern - Switzerland;0
Bethesda;0
Bethlehem;0
Bethnal Green;1
Beverley;1
Bexley;1
Bicester;1
Bickershaw;1
Bielefeld;0
Biggar;1
Biggleswade;1
Bilbao;0
Bilbao - Spain;0
Bilbao, Spain;0
Billingshurst;1
Birkenfeld;1
Birkenhead;1
Birley;1
Birmingham;1
Birmingham, Australia;1
Birmingham, Basel;1
Birmingham, Bridgewater, Taunton, Yeovil;1
Birmingham, Bristol, Chester, Exeter, Guildford, Leeds, London, Manchester;1
Birmingham, Bristol, Chester, Guildford, Leeds, London, Manchester;1
Birmingham, Bristol, Hull, Leeds, Liverpool, London, Manchester, Sheffield;1
Birmingham, Bristol, Leeds, Liverpool, London, Manchester, Reading, Sheffield, Southampton, Isle Of Man;1
Birmingham, Bristol, Leeds, London, Manchester, Newcastle, Nottingham, Reading, Sheffield, Home Based;1
Birmingham, Bristol, London;1
Birmingham, Bristol, Manchester;1
Birmingham, Coventry;1
Birmingham, Edinburgh;1
Birmingham, Filton, Leeds, London, Oxford, Watford;1
Birmingham, Gloucester, Worcester;1
Birmingham, Guildford;1
Birmingham, Guildford, Leeds, London;1
Birmingham, Hull, London;1
Birmingham, Ironbridge;1
Birmingham, Leeds;1
Birmingham, Leeds, Liverpool, Manchester;1
Birmingham, Leeds, London;1
Birmingham, Leeds, London, Manchester;1
Birmingham, Leeds, Manchester;1
Birmingham, London;1
Birmingham, London, Luton;1
Birmingham, London, Manchester;1
Birmingham, London, Newcastle Upon Tyne;1
Birmingham, London, Wales;1
Birmingham, Luton, Wembley;1
Birmingham, Manchester;1
Birmingham, Melbourne;1
Birmingham, Melbourne, Australia;1
Birmingham, Newcastle Upon Tyne, West Midlands;1
Birmingham, Nottingham;1
Birmingham, Oxford;1
Birmingham, Solihull;1
Birmingham, Telford;1
Bishkek;0
Bishop Burton;1
Bishops Stortford;1
Bisley;1
Bitterne;1
Blackburn;1
Blackburn, Harrogate, Knaresborough, Ripon, Selby;1
Blackpool;1
Blackpool, Manchester;1
Blagdon;1
Blagoevgrad;0
Blairgowrie;1
Blantyre;1
Bletchley;1
Bloemfontein;0
Bloomsbury;1
Bloomsbury, Guildford;1
Bloomsbury, Hendon;1
Bloomsbury, Holborn;1
Bloomsbury, London;1
Bloomsbury, London Borough Of Barking And Dagenham, London Borough Of Havering;1
Bloomsbury, London, Stratford;1
Bloomsbury, Stratford;1
Blyth, Bridlington, Brixham, Penzance, Poole, Ramsgate, Shoreham-by-sea;1
Bochum;0
Bochum, Essen, Duisburg;0
Bochum, Germany;0
Bognor Regis;1
Bognor Regis, Chichester;1
Bolderwood;1
Boldrewood;1
Bologna;0
Bolton;1
Bolton, Manchester;1
Bolzano;0
Bonn;0
Bonne;0
Bonne Terre;0
Bonn, Germany;0
Boone;0
Borehamwood, Guildford;1
Boscombe;1
Boston;0
Boston Spa;1
Bottisham;1
Boulder;0
Bourne;1
Bournemouth;1
Bournemouth, Dorchester;1
Bournemouth, Poole;1
Bournemouth, Portsmouth;1
Bournemouth, Southampton;1
Bower Ashton Campus (ne-bound);1
Boxford;1
Brackley;1
Bracknell;1
Bracknell, Farnborough, Guildford;1
Bradford;1
Bradford, Halifax, Huddersfield, Leeds, Wakefield;1
Bradford, Kempston;1
Bradford, Leeds;1
Bradford, Leeds, Wakefield;1
Bradford, Long Bennington;1
Bradford, West Yorkshire;1
Bradford, York;1
Bradworthy;1
Braintree;1
Braintree, Clacton-on-sea, Colchester;1
Braintree, Colchester;1
Brampton;1
Brasside;1
Brayford;1
Brayford Pool;1
Brazil;0
Breda;0
Bremen;0
Brentford;1
Brentford, Ealing;1
Brentford, London;1
Brentwood;1
Brentwood, London;1
Briatol;1
Bridgend;1
Bridgetown;0
Bridgetown, Cave Hill;1
Bridgewater;1
Bridgwater;1
Bridgwater, Taunton;1
Bridgwater, Taunton, Somerset;1
Brighton;1
Brighton, Eastbourne, Hastings;1
Brighton, East Sussex;1
Brighton, Falmer;1
Brighton, Falmer, Hastings;1
Brighton, Falmer, Moulsecoomb;1
Brighton, Haywards Heath;1
Brighton, Horsham;1
Brighton, Hove;1
Brighton, Lancing;1
Brighton, Lincoln, Liverpool, London, Sheffield;1
Brighton, Littlehampton;1
Brighton, London;1
Brighton, London, Darmstadt;1
Brighton, Moulsecoomb;1
Brighton, Sussex House;1
Brighton, United Kingdom;1
Brimington;1
Brington;1
Brisbane;0
Brisbane - Australia;0
Brisbane, Australia;0
Brisbane, Australia, Saint Lucia;0
Brislington;1
Bristol;1
Bristol, Cambridge;1
Bristol, Cambridge, Keele, London, Manchester, Newcastle, Nottingham, Oxford, Southampton;1
Bristol, Coventry;1
Bristol, Derby;1
Bristol, Edinburgh, Exeter;1
Bristol, Edinburgh, Glasgow, Oxford, Warwick;1
Bristol, Exeter;1
Bristol, Filton;1
Bristol, Frenchay;1
Bristol, Gloucester;1
Bristol, Guildford;1
Bristol, Harwell, London, Manchester;1
Bristol, Harwell, London, Manchester, Nationwide;1
Bristol, Harwell, Manchester;1
Bristol, Kent;1
Bristol, Langford;1
Bristol, Leeds, London, Nottingham, Preston;1
Bristol, Liverpool;1
Bristol, London;1
Bristol, London, Manchester;1
Bristol, London, Manchester, Newcastle, Oxford;1
Bristol, London, Manchester, Nottingham;1
Bristol, Malmesbury;1
Bristol, Manchester;1
Bristol, Netherlands, Switzerland;1
Bristol, Oxford;1
Bristol, Saint Austell;1
Bristol, Sheffield, Nepal;1
Bristol, Southampton;1
Bristol, Stapleton;1
Bristol, Stoke Gifford;1
Bristol, Stroud;1
Bristol, Swindon;1
Bristol, Warwick;1
Brixton;1
Brno;0
Broadford;1
Broadford, Fort William, Gairloch, Kilchoan, Kinlochleven, Mallaig, Portree, Strontian, Ullapool;1
Broadford, Fort William, Gairloch, Kilchoan, Kinlochleven, Mallaig, Portree, Strontian, Ullapool, Auchtertyre;1
Brockenhurst;1
Brockley;1
Bromborough, Sheffield;1
Bromley;1
Broseley;1
Broughton-in-furness;1
Brownlow Hill;1
Broxburn;1
Broxburn, Edinburgh;1
Brunel;1
Brunswick;0
Brunswick Street, Manchester;1
Brussel;0
Brussels;0
Brussels - Belgium;0
Brussels, Belgium;0
Buckhaven;1
Buckingham;1
Buckinghamshire;1
Buckinghamshire, Bedfordshire;1
Budapest;0
Budapest, Hungary;0
Bude;1
Budleigh Salterton;1
Bulgaria;0
Bulle;0
Bundaberg;0
Bundoora;0
Bundoora, Melbourne;0
Buraimi;0
Burghfield, Leamington Spa, London;1
Burnham-on-crouch;1
Burnley;1
Burnley, Preston;1
Burnley, Sandbach;1
Bursa;0
Burton;1
Burton-on-trent;1
Burton Upon Trent;1
Burwood;0
Bury;1
Bury Saint Edmunds;1
Bury Saint Edmunds, Newcastle Upon Tyne;1
Busia;0
Buxton;1
Buxton, Derby;1
Buxton, Leek;1
Cable Detection Ltd, Cresswell, Stoke On Trent, Staffordshire;1
Caerdydd;1
Caerleon;1
Caerleon, Pontypridd;1
Caerleon, Treforest;1
Caerphilly;1
Cairns;0
Cairo;0
Cairo, Egypt;0
Calderdale;1
Calgary;0
California;0
Callaghan;1
Callington;1
Camberley;1
Camberwell;1
Camberwell, London, Peckham Road;1
Cambodia;0
Cambodia, Phnom Penh;0
Camborne;1
Cambridge;1
Cambridge, Antarctic;1
Cambridge, Antarctica;1
Cambridge, Chelmsford;1
Cambridge, Chelmsford, Peterborough;1
Cambridge, City Of London;1
Cambridge, Derby;1
Cambridge, Edinburgh;1
Cambridge, Edinburgh, Harwell, Horsham, London, Runcorn;1
Cambridge, Edinburgh, London, Oxford, Warwick;1
Cambridge, Gaithersburg, Molndal, Boston;1
Cambridge, Guildford;1
Cambridge, Home Based;1
Cambridge, Leeds;1
Cambridge, London;1
Cambridge, London, Norwich;1
Cambridge, Manchester;1
Cambridge, Massachusetts;0
Cambridge, Milton Keynes;1
Cambridge, Newcastle Upon Tyne;1
Cambridge, New York;1
Cambridge, Northampton;1
Cambridge, Norwich, Hertfordshire;1
Cambridge, Oxford;1
Cambridge, Peterborough;1
Cambridge, Qatar;
Cambridge, Rijswijk;1
Cambridge, San Francisco;1
Cambridge, Santa Clara;1
Cambridgeshire, Ely;1
Cambridge, Southampton;1
Cambridge, Stevenage;1
Camden;1
Camden Town;1
Camden Town, London;1
Camlough;1
Camperdown;1
Camperdown, Darlington;1
Campusvej;0
Camrose;1
Canada, St. John's;0
Canberra;0
Canberra - Australia;0
Canberra, Australia;0
Cannington;1
Cannock;1
Cannock, Coventry;1
Canterbury;1
Canterbury, Budapest, Hamburg, Utrecht;1
Canterbury, Chatham;1
Canterbury, Dover;1
Canterbury, Epsom, Farnham;1
Canterbury, Epsom, Farnham, Rochester;1
Canterbury, Farnham;1
Canterbury, Greenwich;1
Canterbury, Ipswich;1
Canterbury, Japan;1
Canterbury, Kent;1
Canterbury, London;1
Canterbury, Medway;1
Canterbury, Norwich;1
Canterbury, Rochester;1
Canterbury, Sheffield;1
Canvey;1
Cape Town;0
Cape Town - South Africa;0
Cape Town, South Africa;0
Cardiff;1
Cardiff, Colwyn Bay, Llanelli, Treforest;1
Cardiff, Exeter;1
Cardiff, Gloucester;1
Cardiff, Gloucester, London;1
Cardiff, Home Based;1
Cardiff, Liverpool;1
Cardiff, Llandaff;1
Cardiff, London;1
Cardiff, Newport;1
Cardiff, Newport, Pontypridd;1
Cardiff, Pontypridd;1
Cardiff, Port Talbot;1
Cardiff, Sutton Coldfield;1
Cardiff, Swansea;1
Carlisle;1
Carlisle, Barrow-in-furness;1
Carlisle, Lancaster;1
Carlisle, Lancaster, London;1
Carlow;0
Carmarthen;1
Carrickfergus;1
Castleford;1
Casuarina;0
Catania;0
Caulfield;1
Caulfield - Australia;0
Causeway Bay, Hong Kong;0
Cavan, Monaghan;0
Cave Hill;1
Central, Hong Kong;0
Central London;1
Central London, Aldwych;1
Central London, Little Titchfield Street;1
Central London, New Cavendish Street;1
Central London, Regent Street;1
Ceske Budejovice;0
Cf10 2;1
Cf24 0;1
Cf24 2;1
Cf37 1;1
Cf37 4;1
Chadwell Heath;1
Chalfont Saint Peter;1
Chalfont Saint Peter, London;1
Champaign;0
Changchun;0
Changsha;0
Changsha - China;0
Chapel Allerton;1
Charing Cross;1
Charlotte;0
Charlottenlund;0
Charlottesville;0
Chatham;1
Chatham, Kent;1
Chatham, London;1
Chatteris;1
Chatteris, Reading;1
Cheadle;1
Chelmsford;1
Chelmsford, Cambridge;1
Chelmsford, Colchester;1
Chelmsford, Essex;1
Chelmsford, Writtle;1
Chelsea;1
Chelsea, Kensington;1
Chelsea, London;1
Chelsea, Sutton;1
Chelsea, Westminster;1
Chelsea, Winchester;1
Cheltenham;1
Cheltenham, Gloucester;1
Cheltenham, Gloucestershire;1
Cheltenham, Hardwick;1
Cheltenham, London;1
Cheltenham, Ullenwood;1
Chengdu;0
Chengdu - China;0
Chengdu - China, Leeds;1
Chennai;0
Chepstow;1
Chertsey;1
Chesham;1
Cheshire;1
Chessington;1
Chester;1
Chesterfield;1
Chesterfield, Derby;1
Chesterfield, Home Based, Remote Working Supported;1
Chesterfield, London;1
Chester, London;1
Chester, Shrewsbury;1
Chester, Warrington;1
Chiba;0
Chiba - Japan;0
Chiba-ken;0
Chicago;0
Chichester;1
Chile;0
Chilton;1
Chilton, Durham;1
Chilton, London;1
Chilworth;1
Chilworth, Southampton;1
China;0
China, Changchun;0
China, Guangdong;0
China, Jinhua;0
Chinandega;0
Chippenham;1
Chislehurst;1
Chiswick;1
Chittagong;0
Chongqing;0
Chorley;1
Christchurch;0
Christchurch - New Zealand;0
Christchurch, New Zealand;0
Cirencester;1
City Of Brussels - Belgium;0
City Of London;1
City Of London, Beijing;1
City Of London, Greenwich;1
City Of London, Harrow;1
City Of London, Kenya;1
City Of London, Kingston;1
City Of London, Kingstone;1
City Of London, Lancaster;1
City Of London, Leeds;1
City Of London, London;1
City Of London, Loughborough;1
City Of London, Luton;1
City Of London, Reading;1
City Of London, Surrey;1
City Of London, Tw20 0;1
City Of London, Whitechapel;1
City Of London, Xi An;1
City Of Westminster;1
City Of Westminster, London;1
Claremont;0
Clayton;0
Clayton - Australia;0
Clayton, Australia;0
Clayton, Australia, Caulfield;0
Clayton, Caulfield;1
Clemson;0
Clevedon;1
Clevedon, Exeter;1
Clifton;1
Climping, Littlehampton;1
Clydebank;1
Clynderwen;1
Coalville;1
Coalville, Leicester, Loughborough, Melton, Nuneaton;1
Coberley;1
Cobham;1
Co. Cavan;0
Cockermouth;1
Co Cork;0
Co Galway;0
Colchester;1
Colchester, Ec1y 8;1
Colchester, Ipswich;1
Colchester, London;1
Colchester, London, Manchester;1
Colchester, Southend;1
Colchester, Southend-on-sea;1
Colchester, Stowmarket;1
Coleraine;1
Coleraine, Jordanstown;1
Coleraine, Magee;1
Coleraine, Martlesham;1
Coleraine, Martlesham;1
Colindale;1
Colney;1
Cologne;0
Colombia, Bogotá;0
Columbus;0
Colwall;1
Co Meath;0
Congleton, Nottingham;1
Consett;1
Conwy;1
Cookstown;0
Copenhagen;0
Copenhagen - Denmark;0
Copenhagen, Denmark;0
Cork;0
Cork City;0
Cornwall;1
Corsham;1
Cotonou;0
Cottingham;1
Coulsdon;1
County Down;0
County Galway;0
County Kerry;0
County Kilkenny;1
County Meath;1
County Meath, County West Meath;0
County Wexford;1
Covent Garden;1
Covent Garden, Holborn;1
Covent Garden, London;1
Coventry;1
Coventry, Accra;1
Coventry, Australia;1
Coventry, Brussels;1
Coventry, Edinburgh;1
Coventry, Edinburgh, Warrington;1
Coventry, Glasgow;1
Coventry, Harrogate, Hendon, London, Home Based, County Durham;1
Coventry, Hayes;1
Coventry, Leamington Spa;1
Coventry, Leeds;1
Coventry, London;1
Coventry, London, Manchester;1
Coventry, Melbourne;1
Coventry, Newcastle;1
Coventry, Newcastle Upon Tyne;1
Coventry, Oxford;1
Coventry, Rowley Regis;1
Coventry, Rugby;1
Coventry, Solihull;1
Coventry, Southam;1
Coventry, Stratford On Avon;1
Coventry, Warwick;1
Coventry, Wellingborough;1
Coventry, Worcester;1
Cowbridge;1
Co Westmeath;0
Cowley;1
Cramlington;1
Cranbrook;1
Cranfield;1
Cranfield, Bedfordshire;1
Cranfield, Derby;1
Cranfield, Krakow;1
Cranfield, London;1
Cranfield, Oxford;1
Cranfield, Peterborough;1
Cranfield, Qatar;1
Cranfield, Shrivenham;1
Cranleigh;1
Cranwell;1
Cranwell, Portsmouth;1
Crawley;0
Crawley, Australia;0
Crawley, Perth;1
Cresswell;1
Crete;0
Crewe;1
Crewe, Henley On Thames;1
Crowthorne;1
Croxteth;1
Croydon;1
Croydon, Guildford;1
Croydon, London;1
Cuddesdon;1
Culham;1
Culham, London;1
Culham, Oxford;1
Cullercoats, Newcastle-on-tyne;1
Cumbernauld;1
Cumbria;1
Cupar;1
Curtain Road, London;1
Curtin;0
Curzon Street;1
Cyncoed;1
Cyprus;0
Daegu, South Korea - Korea, Republic Of;0
Dagenham;1
Dakar;0
Dalian;0
Dalian - China;0
Dalian, China;0
Dalkeith;1
Dalton In Furness;1
Dammam;0
Daresbury;1
Daresbury, Didcot;1
Daresbury, Didcot, Edinburgh;1
Daresbury, Geneva;1
Daresbury, Harwell;1
Dar Es Salaam;0
Darlaston;1
Darlington;1
Darmstadt;0
Dartford;1
Dartington;1
Dartmouth;1
Darwin;0
Darwin - Australia;0
Daventry;1
Davidstow, Plymouth;1
Davis;0
Deal;1
Decatur;0
Dehli;0
Delft;0
Delft, Leiden;0
Delft - Netherlands;0
Delft, Netherlands;0
Delhi;0
Delhi, Doha;0
Delta Place;1
Denbury;1
Den Haag;0
Denham, Stowmarket;1
Denmark;0
Denmark, Aarhus;0
Denmark, Ballerup;0
Denmark Hill;1
Denmark, Højbjerg;0
Denmark, Kongens Lyngby;0
Denmark, Lyngby;0
Denmark, Odense;0
Denmark, Riso;0
Denmark, Roskilde;0
Denver;0
Derby;1
Derby, Guildford;1
Derby, Leek, Buxton;1
Derby, London;1
Derby, Mansfield, Nottingham;1
Derby, Nottingham;1
Derby, Reading;1
Derby, Ripley;1
Derbyshire;1
Derby, Stafford;1
Derio - Spain;0
Derriford;1
Derry;1
Derrylin;1
Devizes;1
Devon;1
Devon, County Wexford;1
Devonport;1
Devonport, Exeter, Plymouth, Truro;1
Dewsbury;1
Dhahran;0
Dhaka;0
Didcot;1
Didcot, Guildford;1
Didcot, Harwell;1
Didcot, Manchester;1
Didcot, Oxford;1
Didcot, Oxfordshire;1
Didsbury;1
Dingwall, Forres, Fort William, Golspie, Kirkwall, Lerwick, Lochgilphead, Portree, Stornoway, Thurso;1
Doha;0
Doha - Qatar;0
Doha, Qatar;0
Dominica;0
Doncaster;1
Donostia;0
Donostia San Sebastian Kalea, Gipuzkoa;1
Dorchester;1
Dorigny - Switzerland;0
Dorking;1
Dorking, Mickleham;1
Dorking, Surrey;1
Dornie;1
Dornoch;1
Dorset;1
Downers Grove;0
Dresden;0
Dresden, Saint Andrews;1
Dubai;0
Dubai, Abu Dhabi;0
Dubai, Armidale;0
Dubai - India;0
Dubai, Sri Lanka;0
Dubai - United Arab Emirates;0
Dubai, United Arab Emirates;0
Dublin;0
Dublin 15;0
Dublin 2;0
Dublin2;0
Dublin 2, County Galway;0
Dublin, Beijing;0
Dublin, Carlow;0
Dublin, Co Kildare;0
Dublin, Cork;0
Dublin, Galway;0
Dublin, Ireland;0
Dublin, Sierra Leone;0
Dubrovnik, Zagreb;0
Dudley;1
Dulbin;0
Dulin;0
Dumfries;1
Dumfries, Edinburgh;1
Dumfries, Glasgow;1
Dumfries, Hamilton, Paisley;1
Dundalk;1
Dundee;1
Dundee, Aberdeen;1
Dundee, Edinburgh;1
Dundee, Glasgow;1
Dundee, Inveraray, Stirling;1
Dundee, London, Southampton;1
Dundee, Newcastle Upon Tyne;1
Dundee, Perth;1
Dunedin;0
Dunedin - New Zealand;0
Dunedin, New Zealand;0
Dunfermline;1
Dunsany;0
Dunsany, Celbridge;1
Dunstable;1
Durban;0
Durban - South Africa;0
Durham;1
Durham, Knaresborough;1
Durham, London;1
Durham, London, Nottingham, Swindon;1
Durham, London, Nottingham, Swindon, York;1
Durham, Newcastle Upon Tyne;1
Durham, Oxford;1
Durham, Seaton Burn, Washington;1
Durham, Stockton-on-tees;1
Dursley;1
Dusseldorf;0
Duxford;1
E1 4;1
Ealing;1
Ealing, Hammersmith;1
Ealing, London;1
Ealing, London, Saint Mary's Road;1
Earls Court;1
East;0
Eastbourne;1
Eastbourne, Falmer;1
Eastbourne, Falmer, Hastings;1
Eastbourne, Hastings;1
Eastchurch;1
Eastchurch, Sheerness;1
East Grinstead;1
East Hararghe, Oromia;0
East Kilbride;1
East Leake;1
Eastleigh;1
East Malling;1
East Malling, Reading;1
East Molesey;1
Easton;1
East Sussex;1
Ebbw Vale;1
Eccleshall;1
Edgbaston;1
Edgbaston, Birmingham;1
Edgmond;1
Edgware;1
Edinbain;1
Edinburgh;1
Edinburgh, Aarhus;1
Edinburgh, Bangalore;1
Edinburgh, China;1
Edinburgh, Dublin;1
Edinburgh, Farnham;1
Edinburgh, Fife Keith;1
Edinburgh, Glasgow;1
Edinburgh, Glasgow, Stirling;1
Edinburgh, Ireland;1
Edinburgh, Lincoln, Mosgiel;1
Edinburgh, London;1
Edinburgh, London, Manchester, Oxford;1
Edinburgh, Manchester;1
Edinburgh, Musselburgh;1
Edinburgh, Netherlands;1
Edinburgh, Newcastle;1
Edinburgh, Nottingham;1
Edinburgh, Oban;1
Edinburgh, Romsey;1
Edinburgh, Sandy;1
Edinburgh, Sighthill;1
Edinburgh, Sri Lanka;1
Edinburgh, Stromness;1
Edinburgh, Sydney;1
Edinburgh, Teddington;1
Edinburgh, Turkey;1
Edinburgh, United Kingdom;1
Edmonton;0
Egham;1
Egham, London;1
Egham, Staines;1
Egham, Tw20 0;1
Eindhoven;0
Elephant And Castle;1
Elephant And Castle, London;1
Elephant And Castle, Millbank;1
Elgin;1
Elland;1
Elland, Hull;1
Ellesmere Port;1
Elon;0
Elstree;1
Eltham, Greenwich, Avery Hill;1
Ely;1
Enfield;1
Enschede;0
Enschede, Netherlands;0
Entebbe;0
Epsom;1
Epsom, Farnham;1
Epsom, Surrey;1
Erbil;0
Erlangen;0
Erlestoke;1
Esch-sur-alzette;0
Esch-sur-alzette - Luxembourg;0
Esher;1
Espoo;0
Espoo - Finland;0
Essex;1
Estonia, Berlin - Germany, Geneva - Switzerland;0
Ethiopia;0
Ethiopia, Harar;0
Ethiopia, South Africa;0
Euston;1
Euston, London;1
Eveleigh;1
Everthorpe;1
Evesham;1
Ewell;1
Exeter;1
Exeter, Cornwall;1
Exeter, Devon;1
Exeter, London;1
Exeter, Penryn;1
Exeter, Plymouth;1
Exeter, Plymouth, Truro;1
Exeter, Shanghai;1
Exeter, Shrivenham;1
Exeter, Slapton;1
Exeter, Streatham;1
Exeter, Taunton;1
Exeter, Truro;1
Fajara;0
Falkirk;1
Falkland Is;0
Falkland Islands;0
Falmer;1
Falmer, Gillingham;1
Falmer, London;1
Falmer, Paris;1
Falmouth;1
Falmouth, Penryn;1
Falmouth, Penryn, Cornwall;1
Fareham;1
Fareham, Leeds;1
Fareham, Portsmouth;1
Farnborough;1
Farnborough, Guildford;1
Farnborough, Guildtown;1
Farnham;1
Farnham, Maidstone;1
Farnham, Rochester;1
Farringdon;1
Featherstone;1
Feering;1
Feltham;1
Fermoy;0
Fermoy, Galway;0
Fife Keith;1
Filton;1
Filton, Southampton;1
Filton, Stroud;1
Finchley;1
Finland;0
Finland, Epoo;0
Finland, Espoo;01
Fleet;1
Fleetwood;1
Floreat;0
Florence;0
Florence - Italy;0
Florida;0
Folkestone;1
Fontainebleau;0
Foresterhill;1
Forgandenny;1
Forres;1
Forres, Glasgow;1
Fortuneswell;1
Fort William;1
Fort William, Oban;1
Fort William, Ullapool;1
Fort Worth;0
Foston;1
Framingham;0
France, Nice;0
Frankfurt;0
Frankfurt Am Main;0
Frankfurt - Germany;0
Fraserburgh;1
Freetown;0
Freiburg;0
Freiburg Im Breisgau;0
Freiston;1
Frenchay;1
Fresno;0
Fribourg;0
F¸rth-weschnitz;0
Fukushima, Japan;0
Fulham, Hammersmith;1
Fulton;0
Fulwood;1
Fürth - Germany;0
Fürth-weschnitz;0
Gaborone;0
Gadong;0
Gainesville;0
Gainsborough;1
Gairloch;1
Galashiels;1
Galway;0
Galway, Ballinasloe;0
Galway, Ireland;0
Gambia;0
Gangnam;0
Gants Hill;1
Garthdee;1
Gateshead;1
Gateshead, Leeds;1
Gateshead, Newcastle Upon Tyne;1
Gatwick;1
Gaungzhou;0
Gavea;0
Geelong;0
Geneva;0
Geneva - Switzerland;0
Geneva, Switzerland;0
Geneve;0
Genoa - Italy;0
Gent;0
Germany;0
Germany, Belgium;0
Germany, France, Ireland;0
Germany, Frankfurt;0
Germany, Halle (saale);0
Germany, Heidelberg;0
Germany, Jena;0
Germany, Lüneburg;0
Germany, Mainz;0
Germany, Norway, Saint Andrews;1
Ghana;0
Ghana, Uganda, Mozambique, Mynamar;0
Ghent;0
Gillingham;1
Glasgow;1
Glasgow, Belfast;1
Glasgow, Boston;1
Glasgow, Chengdu;1
Glasgow, Inchinnan;1
Glasgow, Lancaster;1
Glasgow, Liverpool;1
Glasgow, Manchester;1
Glasgow, New York;1
Glasgow, Paisley;1
Glasgow, Singapore;1
Glasgow, Stonehaven;1
Glasgow, Teddington;1
Glasgow, Venlo;1
Glasgow, York;1
Glasnevin;0
Glenrothes;1
Glenside;1
Global;0
Gloucester;1
Gloucester, London;1
Gloucester, Sheffield;1
Gloucestershire;1
Gloucestershire, South West England;1
Glyntaff, Pontypridd;1
Godalming;1
Godmanchester;1
Goettingen;0
Gold Coast;0
Gosport;1
Gosport, Liverpool;1
Goteborg;0
Göteborg;0
Goteburg;0
Gothenberg, Halmstad;0
Gothenburg;0
Gottingen;0
Göttingen;0
Gozo - Malta;0
Grafton;0
Grahamstown;0
Grange;0
Grangemouth;1
Grantham;1
Graz;0
Graz, Austria;0
Greater London;1
Greater Manchester;1
Great Grimsby;1
Great Missenden;1
Great Missenden, High Wycombe;1
Greenford;1
Greenford, Greenwich;1
Greenford, Greenwich, London;1
Greenford, London;1
Greenland;0
Greenwich;1
Greenwich, Avery Hill;1
Greenwich, Greenford;1
Greenwich, Kent;1
Greenwich, London;1
Greenwich, London, Avery Hill;1
Greenwich, London, Medway;1
Greenwich, Medway, Avery Hill;1
Grendon Underwood;1
Grenoble;0
Grenoble, France;0
Grenoble, Jouy-en-josas;0
Grimsby;1
Groningen;0
Groningen, Amsterdam, Utrecht, Nijmegen;0
Groningen, Utrecht, Nijmegen;0
Guangdong;0
Guangzhou;0
Guangzhou, China - China;0
Guelph;0
Guildford;1
Guildford, Kent;1
Guildford, Kingston;1
Guildford, London;1
Guildford, London, Manchester;1
Guildford, Manchester;1
Guildford, Merrist Wood;1
Guildford, Oxford;1
Guildford, Salford;1
Guildford, Salford, Southampton;1
Guildford, Sheffield;1
Guildford, Surrey;1
Guildford, Teddington;1
Guildford, Woking;1
Guildtown;1
Guilford;1
Gurgaon;0
Güzelyurt;0
Hadfield;1
Hadlow;1
Hadlow, Tonbridge;1
Haifa;0
Haifa, Israel;0
Hailsham;1
Haining;0
Halesworth;1
Halifax;1
Halifax, Nova Scotia;0
Halle;0
Halley, Rothera;0
Hamburg;0
Hamburg - Germany;0
Hamburg, Germany;0
Hamilton;1
Hamilton, Canada;0
Hamilton - New Zealand;0
Hamilton, New Zealand;0
Hamilton, Paisley;1
Hamilton, South Lanarkshire;1
Hammersmith;1
Hammersmith, London;1
Hampstead;1
Hampstead, London;1
Hampton;1
Hangzhou;0
Hannover;0
Hannover, Germany;0
Hanoi;0
Hanoi, Saigon South;0
Hanoi, Vietnam;0
Hanover;0
Harar;0
Harefield;1
Harlow;1
Harpenden;1
Harpenden, Langford, Okehampton;1
Harrisonburg;0
Harrogate;1
Harrow;1
Harrow, Harrow On The Hill;1
Harrow, London;1
Harrow On The Hill;1
Harrow Weald;1
Hartfield;1
Hartford, Hertfordshire;1
Hartlepool;1
Hartpury;1
Hartpury College;1
Hartpury, Hartpury College;1
Harwell;1
Harwell;1
Harwell, Manchester;1
Harwell Oxford;1
Harwell, Oxfordshire;1
Harwell, Reading;1
Harwell, Swindon;1
Harwell, Warrington;1
Hasselt;0
Hastings;1
Hatfield;1
Hatfield Broad Oak;1
Hatfield, London;1
Hatfield, Luddington;1
Hatfield Woodhouse;1
Hatford;1
Haverhill, Nottingham;1
Haverigg;1
Havering;1
Havering, London;1
Havering, Southwark;1
Hawkshead;1
Hawthorn;0
Hawthorn, Australia;0
Hawthorn, Wantirna;0
Hayes;1
Haywards Heath;1
Headingley, Leeds;1
Headington;1
Headington, Oxford;1
Hebei;0
Hebei - China;0
Heidelberg;0
Heidelberg - Germany;0
Heidelberg, Germany;0
Heidleberg;0
Heilbronn;0
Helsinki;0
Helsinki, Aalto;0
Helsinki, Espoo;0
Helsinki - Finland;0
Helsinki, Finland;0
Hemel Hempstead;1
Henan;0
Henan, China;0
Henan, Zhumadian;0
Hendon;1
Hendon, London;1
Henley;1
Henley-on-thames;1
Henley On Thames;1
Henley On Thames, Warrington;1
Henley, Reading;1
Hereford;1
Herefordshire;1
Herstmonceux;1
Hertford;1
Hertfordshire;1
Heslington;1
Heslington, York;1
Hessle;1
Higham Hill;1
Highfield;1
Highfield, Southampton;1
High Holborn;1
High Holborn, Remote Working Supported;1
Highland;1
High Wycombe;1
High Wycombe, Uxbridge;1
Hillingdon, Lewisham, Poole;1
Hillsborough;1
Hillsborough, County Down;1
Hinckley;1
Hinckley, Nuneaton;1
Hinxton;1
Hinxton, Manchester;1
Hinxton, Stevenage;1
Hinxton, United Kingdom;1
Hirtshals;0
Hitchin;1
Hitchin, Letchworth;1
Hitchin, Stevenage;1
Hixton;1
Hobart;0
Hobart, Launceston;0
Ho Chi Minh;0
Ho Chi Minh City;0
Højbjerg;0
Holbeach;0
Holbeach, Lincoln;0
Holborn;1
Holborn, Gants Hill;1
Holborn, London;1
Holborn, Waterloo;0
Holbrook;1
Hollingbury;1
Holloway, Aldgate;1
Holmbury, London;1
Holmbury Saint Mary;1
Holmbury Saint Mary, London;1
Holme Lacy;1
Holsworthy;1
Home;1
Homebase;0
Home-based;0
Home Based;0
Home Based, Remote;0
Homed Based;0
Hong Kong,;0
Hong Kong;0
Hong Kong, Kowloon Tong;0
Hornchurch;1
Hornchurch, London;1
Horsforth, Leeds;1
Horsham;1
Horsham, West Sussex;1
Horsley;1
Hounslow;1
Houston;0
Hove;1
Huddersfield;1
Huddersfield, Nelson;1
Hull;1
Hull, Scarborough;1
Hull, Wakefield;1
Hull, York;1
Humber;1
Hungary;0
Hung Hom;0
Huntingdon;1
Huntingdon, Stoneleigh;1
Hyogo;0
Ibra;0
Ickleton;1
Ickleton, Cambridgeshire;1
Ilford;1
Ilford, London;1
Ilkley;1
Immingham;1
India;0
Indiana;0
Indonesia;0
Innsbruck;0
Innsbruck - Austria;0
Innsbruck, Austria;0
Instanbul;0
Invergordon;1
Invergowrie;1
Inverkeithing;1
Inverness;1
Iowa;0
Ipswich;1
Ipswich, Suffolk;1
Iraq;0
Ireland;0
Ireland, Dunsany;0
Isa Town;0
Ishikawa;0
Iskandar;0
Isle Of Man;1
Isleworth;1
Isleworth, London;1
Islington;1
Islington, London;1
Istanbul;0
Istanbul - Turkey;0
Istanbul, Turkey;0
İstanbul - Turkey;0
Italy, Montedoro;0
Italy, Spain, Greece, Austria;0
Ithaca;0
Jakarta;0
Jamaica;0
Japan;0
Jeddah;0
Jena;0
Jena - Germany;0
Jeonju;0
Jersey;0
Jerusalem;0
Jerusalem, Berlin;0
Jiangsu;0
Jiangsu, Nanjing, China - China;0
Jiangsu Province;0
Jiaozuo;0
Jilin;0
Jinhua;0
Jinhua - China;0
Jinling;0
Jodrell Bank;1
Jodrell Bank, Macclesfield, Manchester;1
Johannesberg;0
Johannesburg;0
Johannesburg, South Africa;0
John Prince's Street;
Johnstown;0
Johnstown Castle;0
Johor;0
Johor Bahru;0
Johor Bahru, Malaysia;0
Johor Bahru, Malaysia, Educity;0
Johor, Malaysia;0
Joondalup;0
Jordanstown;1
Jordanstown, Magee;1
Jordanstown, Northern Ireland;0
Jubail Industrial City;0
Jurong East - Singapore;0
Kamloops;0
Kampala;0
Kamp-lintfort;0
Kamp-lintfort - Germany;
Kanda;0
Karachi;0
Karachi - Pakistan;0
Karachi, Pakistan;0
Karlsruhe;0
Karonga;0
Kassel;0
Kathmandu;0
Kazakhstan, Astana - Kazakhstan;0
Keele;1
Keele, Brazil;1
Keele, London;1
Kelburn;1
Kelowna;0
Kempston;1
Keneba;0
Kennington;1
Kensington;1
Kensington, Australia;0
Kensington, Battersea;1
Kensington Gore;1
Kensington, London;1
Kensington, London, White City;1
Kent;1
Kent, Essex;1
Kentford;1
Kent, Home Based;1
Kent, London, Manchester;1
Kenton;1
Kent, Paris;1
Kent, Rochester;1
Kenya, Haywards Heath;0
Kerry;0
Kettering;1
Kew;1
Kgs Lyngby;1
Khorog;0
Kibworth;1
Kidderminster;1
Kiel;0
Kigali;0
Kilbirnie;1
Kilchoan;1
Kildare;0
Kilkenny;0
Kincraig;1
Kineton;1
King's Cross;1
Kings Cross;1
Kings Cross London;1
King's Lynn;1
Kingston;1
Kingston, London;1
Kingston, Qatar;1
Kingston, Roehampton;1
Kingston Upon Hull;1
Kingston Upon Thames;1
Kinross;1
Kinross, Perth;1
Kirkcaldy;1
Kirkham;1
Kirkham, Preston;1
Kirklevington;1
Kirkwall;1
Klagenfurt;0
Kleve;0
Kleve - Germany;0
Knossos;0
Knossos - Greece;0
Knutsford;1
Koeln;0
Kolding;0
Koln;0
Kongens Lyngby;0
Konstanz;0
Kothen;0
Kowloon;0
Kowloon Tong;0
Krakow, Wroclaw;0
Kristiansand;0
Kristiansand, Norway;0
Kristiansand S;0
Kuala Lumpar;0
Kuala Lumpur - Malaysia;0
Kunshan;0
Kurdistan;0
Kuwait;0
Kwale;0
Kwaluseni;0
Kwazulu Natal;0
Kyleakin;0
Kyushu;0
Kyzylkum;0
Lahore;0
Lambeth;1
Lampeter;1
Lamplugh;1
Lancashire;1
Lancaster;1
Lancaster, Bailrigg;1
Lancaster, Liverpool, Manchester;1
Lancaster, London;1
Lancaster, Manchester, Sheffield;1
Lancaster, Ormskirk, Salford;1
Lancaster, Preston;1
Lancaster, Weihai;1
Langford;1
Langford, Okehampton, Devon, Somerset;1
Langkawi Island;0
La Palma;0
Lappeenranta;0
Larnaca;0
Larnaca - Cyprus;0
Larnaka;0
Laskut;0
Launceston;1
Lausanne;0
Lausanne-dorigny;0
Lausanne Dorigny;0
Lausanne, Dorigny;0
Lausanne, Switzerland;0
Laxenburg;0
Leamington;1
Leamington Spa;1
Leamington Spa, Rugby;1
Leatherhead;1
Lebanon;0
Leeds;1
Leeds, Chengdu;1
Leeds, Ethiopia;1
Leeds, Headingley;1
Leeds, Karoo Basin;1
Leeds, Lausanne;1
Leeds, Liverpool, Manchester;1
Leeds, London;1
Leeds, Lyon;1
Leeds, Manchester;1
Leeds, Newcastle Upon Tyne;1
Leeds, Sheffield;1
Leeds, Sheffield, York;1
Leeds, Wakefield;1
Leek;1
Leek, Staffordshire;1
Lee-on-the-solent;1
Leeuwarden;0
Leicester;1
Leicester, Home-based;1
Leicester, London;1
Leicestershire;1
Leicestershire, Nottinghamshire, Derbyshire;1
Leicester, Wigston;1
Leicester, York, Leicestershire, North Yorkshire, East Riding Of Yorkshire, The Black Country;1
Leiden;0
Leipzig;0
Leiscester;1
Lerwick;1
Letchworth;1
Letchworth Garden City;1
Letterkenny;0
Leuven;0
Leuven, Belgium;0
Leuven - Belgium, Leeds;0
Lewes;1
Lewes, Plumpton;1
Lewisham;1
Leyland;1
Leyland, Lancashire;1
Liberia;0
Lichfield;1
Lichfield, Tamworth;1
Lichfield, Wolverhampton;1
Liège;
Lille;0
Lillehammer;0
Lilongewe;0
Lilongwe;0
Limassol;0
Limassol - Cyprus;0
Limassol, Cyprus;0
Limerick;0
Limrick;0
Lincoln;1
Lincoln, Brayford Pool;1
Lincoln, Lincolnshire;1
Lincoln - New Zealand;0
Linkoping;0
Linlithgow;1
Lintfort;0
Linton;1
Lisbon;0
Liverpool;1
Liverpool, Accrington;1
Liverpool, Amsterdam;1
Liverpool, Barcelona;1
Liverpool, Georgia, Philadelphia;1
Liverpool, Leuven;1
Liverpool, Lille;1
Liverpool, London;1
Liverpool, Manchester;1
Liverpool, Neston;1
Liverpool, Nottingham;1
Liverpool, Oxford;1
Liverpool, Riba North;1
Liverpool, Southampton;1
Livingston;1
Llanberis;1
Llandaff;1
Llandudno;1
London;1
London, Aldgate;1
London, Ankara;1
London, Bangladesh;1
London, Battersea;1
London, Belsize Lane;1
London, Bloomsbury;1
London Borough Of Barnet;1
London Borough Of Camden;1
London Borough Of Croydon;1
London Borough Of Ealing;1
London Borough Of Hammersmith And Fulham;1
London Borough Of Lambeth;1
London Borough Of Newham;1
London Borough Of Southwark;1
London Borough Of Sutton;1
London Borough Of Wandsworth;1
London, Canary Wharf;1
London, Central London;1
London, China;1
London, Curtain Road;1
Londonderry;1
Londonderry County Borough;1
Londonderry, Magee;1
Londonderry, Newtownabbey;1
London, Docklands;1
London, East;1
London, Eindhoven;1
London, Elephant And Castle;1
London, Gambia;1
London, Geneva;1
London, Greenwich;1
London, Hendon;1
London, Hertfordshire;1
London, High Holborn;1
London, Holloway;1
London, Home Based;1
London, Japan;1
London, John Prince's Street;1
London, Kings Cross;1
London, Liverpool Street;1
London, London Borough Of Croydon;1
London, London Borough Of Newham;1
London, London Borough Of Southwark;1
London, Loughborough;1
London, Luton;1
London, Macclesfield;1
London, Manchester;1
London, Manchester, Bristol;1
London, Manchester, Bristol, Coventry;1
London, Marylebone;1
London, Marylebone, Westminster;1
London, Medway, Greenwich;1
London, Merton Hall Road;1
London, Millbank;1
London, Milton Keynes;1
London Moorgate;1
London, Nagasaki;1
London, Nairobi;1
London, Nationwide;1
London, Newcastle;1
London, Newcastle, Cardiff, Wales;1
London, Newcastle Upon Tyne;1
London, New Cavendish Street;1
London, New Cross;1
London, Norwich;1
London, Oxford;1
London, Oxford, Zurich;1
London, Paddington;1
London, Paris, Milano;1
London, Peckham Road, Camberwell;1
London, Poland;1
London, Potters Bar;1
London, Preston;1
London, Queen Square;1
London, Reading;1
London, Regent's Park;1
London, Richmond;1
London, Richmond Upon Thames;1
London, Roehampton;1
London, Romford;1
London, Saint Pancras;1
London, Se1 8;1
London, Sheffield;1
London, Shepherd's Bush;1
London, Shepherds Bush;1
London, Shoreditch;1
London, Shrivenham;1
London, Sidcup;1
London, Sierra Leone;1
London, Slough;1
London, Southend;1
London, Southgate;1
London, South Kensington;1
London, Stockholm;1
London, Strand;1
London, Stratford;1
London, Sutton;1
London, Swindon;1
London, Tooting;1
London, Trento;1
London, Twickenham;1
London, Vauxhall;1
London, Victoria;1
London, Wallingford;1
London, Waterloo;1
London, Wath Upon Dearne;1
London, Wembley;1
London, Westminster;1
London, Whitechapel;1
London, Wimbledon;1
London, York;1
London, York, Essex;1
Long Bennington;1
Longdon;1
Los Angeles;0
Loughborough;1
Loughborough, Mildenhall;1
Loughborough, Nottingham;1
Loughton;1
Loughton, Southend-on-sea;1
Louisville;0
Louth;1
Lowestoft;1
Lucca;0
Ludgershall;1
Ludgershall, Wiltshire;1
Ludlow;1
Ludlow, Shropshire;1
Lueneburg;0
Lugano;0
Lugano - Switzerland;0
Lund;0
Lund, Skane;0
Lund, Sweden;0
Lüneburg;
Luneburg;0
Lusaka;0
Lusanne;0
Luton;1
Luton, Greater London;1
Luton, Milton Keynes;1
Luton, Plymouth, Portsmouth, Southampton;1
Luton, Wembley;1
Luton, Wembley, Alperton;1
Lutterworth;1
Luxemborg;0
Luxembourg;0
Luxembourg, Esch-sur-alzette;0
Luxembourgh;0
Luzern;0
Lymington;1
Lyngby;0
Lyngby - Denmark;0
Lyngby - Denmark, Aix-en-provence, Metz - France;0
Lyngby - Denmark, Singapore;1
Lyngby, Morkhoj;0
Lyngby, Trondheim;0
Lyon;0
Lyon, France;0
Lyons;0
Lytham;1
Maastricht;0
Maastricht, Hungary, Ghana;0
Maastricht - Netherlands;0
Maastricht, Netherlands;0
Macao;0
Macau;0
Macclesfield;1
Macclesfield, Manchester;1
Machrihanish;1
Machynlleth;1
Mackay;0
Macquarie;0
Madingley;1
Madison;0
Madrid;0
Magee;1
Maidenhead;1
Maidstone;1
Maidstone, Medway;1
Maidstone, Sevenoaks, Medway;1
Makati;0
Makati, Philippines;0
Malawi;0
Malawi, Glasgow;1
Malaysi;0
Malaysia;0
Malaysia, Nottingham;1
Malaysia, Semenyih;0
Malaysia, Sepang;0
Malborough;1
Mallaig;1
Malmesbury;1
Malmo;0
Malta;0
Malvern;1
Manama;0
Manchester;1
Manchester, Belfast;1
Manchester, Brazil, Colombia;1
Manchester, Geneva;1
Manchester, Greater Manchester;1
Manchester, Lancashire;1
Manchester, London;1
Manchester, Milton Keynes;1
Manchester, Milton Keynes, Nottingham;1
Manchester, Oxford;1
Manchester, Preston;1
Manchester, Sale;1
Manchester, Salford;1
Manchester, Sheffield;1
Manchester, Singapore;1
Manchester, Warrington;1
Manitoba;0
Mannheim;0
Mansfield;1
Mansfield, Nottingham;1
Mansfield, Sheffield;1
Marbella;0
Marburg;0
Market Drayton;1
Market Harborough;1
Markfield;1
Marlborough;1
Maroochydore, Australia;0
Marseille;0
Marsfield;0
Marylebone;1
Massachusetts;0
Matieland;0
Mauritius;0
Mayfair;1
Mayfield;1
Maymooth;0
Maynooth;0
Meath, Cavan;0
Medford;0
Medway;1
Meguro-ku;0
Melbourne;0
Melbourne - Australia;0
Melbourne, Australia;0
Melbourne, Australia - Australia;0
Melbourne, Bendigo;0
Melbourne, Brisbane;0
Melbourne, Brisbane, North Sydney;0
Melbourne, Brisbane, North Sydney, Strathfield;0
Melbourne, Geelong, Australia;0
Melbourne, Malaysia;0
Melbourne, North Sydney;0
Melbourne, Parkville;0
Melbourne, Sydney, Brisbane;0
Melbourne, Sydney, Brisbane, Rockhampton;0
Melbourne, Sydney, Rockhampton, Brisbane City;0
Merseyside;1
Merseyside, Lancashire, Cheshire, Greater Manchester, Cumbria;1
Mersin;0
Merthyr Tydfil;1
Metropolitan City Of Milan;0
Mexico;0
Meyrin;0
Michigan;0
Middlebrough;1
Middlesborough;1
Middlesbrough;1
Milan;0
Milan - Italy;0
Milan, Italy;0
Mile End;1
Milton Keynes;1
Milton Keynes, Home Based;1
Milton Keynes, Homeworker;1
Milton Keynes, Nottingham;1
Milton Keynes, York;1
Miñano, álava;1
Minnesota;0
Mirfield;1
Missouri;0
Mitcham;1
Moesgård Allé;0
Moka;0
Mold;1
Molndal;0
Mona;0
Monash;0
Moncalieri;0
Monnrovia;0
Monrovia;0
Montclair;0
Monterotondo;0
Monterotondo, Italy;0
Montpellier;0
Montreal;0
Moorepark;0
Moorgate;1
Moorpark;0
Morecambe;1
Moreton Morrell;
Morley;1
Morningside;1
Morpeth;1
Morpeth, Northumberland;1
Moscow;0
Moscow, Russia;0
Moscow, St. Petersburg;0
Moulsecoomb;1
Moulton;1
Moulton, Northampton;1
Mount Lawley;0
Mount Scopus;0
Msida;0
Mt Helen;0
Much Hadham;1
Muenster;0
Mumbai;0
Munich;0
Munich, Garching;0
Munich, Germany;0
Munster;1
Münster - Germany;0
Murdoch;0
Muscat;0
Musselburgh;1
Myanmar;0
Mynachlog-ddu;1
Nagasaki, Manila;0
Nagoya;0
Nailsworth;1
Nairobi;0
Nanjing;0
Nanjing, China, Jiangsu - China;0
Nantes;0
Nantwich;1
Nanyang;0
Nanyang Avenue;0
Nashville;0
Nationwide;1
Natolin;0
Navarre;0
Nayang;0
Nelson;1
Neston;1
Neston, Masai Mara;1
Netherlands;0
Neuchâtel;0
Newark;1
New Brighton;1
New Brunswick;0
Newbury;1
Newcastle;1
Newcastle, Newcastle Upon Tyne;1
Newcastle-on-tyne;1
Newcastle-on-tyne, Singapore;1
Newcastle, Stockton-on-tees;1
Newcastle-under-lyme;1
Newcastle Upon Tyne;1
Newcastle Upon Tyne, China;1
Newcastle Upon Tyne, Crummock Water;1
Newcastle Upon Tyne, Nottingham, Davos;1
Newcastle Upon Tyne, Sheffield;1
Newcastle Upon Tyne, Xiamen;1
Newcastle Upon Tyne, York;1
New Cross;1
New Delhi;0
Newfoundland;0
Newham;1
New Haven;1
New Haw;1
New Malden;1
Newmarket;1
New Milton;1
Newport;1
Newport, Titchfield;1
Newquay;1
New South Wales;0
New South Wales, Australia;0
Newton Abbot;1
Newton Longville;1
Newton Park;1
Newtown;1
Newtownabbey;1
Newtownards;1
New York;0
New York, Albany;0
New York City;0
New Zealand;0
New Zealand, Epsom;0
Nicosia;0
Nicosia, Cyprus;0
Nigata;0
Nijmegen;0
Nijmegen - Netherlands;0
Nijmegen, Netherlands;0
Ningbo;0
Nisshin;0
Nizwa;0
Norfolk;1
Northallerton;1
North America;0
Northampton;1
Northampton, Oxford;1
North Carolina;0
North East Lincolnshire;1
Northern Ireland;1
Northop;1
North Rockhampton;0
North Somerset;1
North Sydney;0
North Tawton;1
Northumberland;1
Northwich;1
Northwood;1
Norway;0
Norwich;1
Norwich, Dublin;1
Norwich, Plymouth;1
Notre Dame;0
Nottigham;1
Nottingham;1
Nottingham, Adelaide;1
Nottingham, Bangi;
Nottingham, Fribourg;1
Nottingham, Leicestershire, Derbyshire;1
Nottingham, Mexico;1
Nottinghamshire;1
Nottingham, Southwell;1
Nottingham, Stockholm;1
Nottingham, Sutton Bonington;1
Nottingham, Tattershall;1
Nottingham, Toulouse;1
Nottingham, United Kingdom;1
Nottingham, Ware;1
Nottingham, Worcester;1
Notting Hill;1
Nottwil;0
Novi Sad, Serbia;0
Np12 1;1
Np20 2;1
Nuffield;1
Nuneaton;1
Nuneaton, South Wigston;1
Nuneaton, Warwickshire;1
Nuneaton, Wigston;1
Nykobing Mors;0
Oakham;1
Oakham, Stretton;1
Oaklands;1
Oak Park;0
Oban;1
Oban, Shetland Islands;1
Odense;0
Odense - Denmark;0
Odense M;0
Okehampton;1
Oldenburg;0
Oldham;1
Old Warden;1
Oman;0
On-line;0
Online;0
Ontario;0
Ontario, Canada;0
Openshaw;1
Orange;0
Orebro;0
Orillia;0
Orkney;1
Orkney, Shetland;1
Ormskirk;1
Orpington;1
Oshawa;0
Oslo;0
Oslo - Norway;0
Osnabrück;0
Ostend;1
Oswestry;1
Otaga;0
Otago;0
Otago, New Zealand;0
Otaniemi;0
Otley;1
Ouagadougou;0
Oulu;0
Oxford;1
Oxford, Durban;1
Oxford, Kenya, Uganda;0
Oxford, Mtubatuba;1
Oxford Road And Jodrell Bank;1
Oxford Road,manchester;1
Oxford Road, Manchester;1
Oxford, Saint Andrews;1
Oxford, Sheffield;1
Oxfordshire;1
Oxford, Sunderland;1
Oxford, Swindon;1
Oxford, Weybridge;1
Oxstalls Campus;1
Paddington;1
Paignton;1
Paisley;1
Paisley, Lanarkshire;1
Palgrave;0
Palmerston;0
Palmerston North;0
Palmerston North - New Zealand;0
Palmerston North, New Zealand;0
Pamplona;0
Panama City;0
Pangbourne;1
Panjin - China;0
Pardubice;0
Pardubice - Czech Republic;0
Paris;0
Paris, France;0
Paris, Lille;0
Paris, Singapore;0
Parkside;1
Parkville;0
Parkville - Australia;0
Parramatta;0
Pasadena;0
Passau;0
Passau - Germany;0
Patras;0
Pavia;0
Pavia - Italy;0
Pembroke;1
Penang;0
Penicuik;1
Penkridge;1
Penkridge, Staffordshire;1
Pennsylvania;0
Penrith;1
Penrith, York;1
Penryn;1
Penryn, Cornwall;1
Penryn, Cornwall, Tremough;1
Penryn, Pool, Truro;1
Penryn, Truro;1
Penzance;1
Perdana;0
Pershore;1
Perth;1
Perth And Kinross;1
Perth - Australia;0
Perth, Australia;0
Perth, Joondalup;0
Perugia;0
Peterborough;1
Petersfield;1
Pewsey;1
Philadelphia;0
Philadelphia, Pa;0
Pietermaritzburg;0
Piltown;1
Pirbright;1
Pisa;0
Pittsburgh;0
Piza;0
Plumpton;1
Plymouth;1
Plymouth, Cornwall;1
Plymouth, Truro;1
Pokfulam;0
Polmont;1
Pontypridd;1
Poole;1
Poole, Bournemouth;1
Portaferry;1
Portchester;1
Port Glasgow;1
Portishead;1
Port Of Spain;0
Porton;1
Porton Down;1
Portree;1
Portsmouth;1
Portsmouth, Portsmouth;1
Port Vila;0
Potters Bar;1
Potters Bar, Hertfordshire;1
Povo;0
Pr1 2;1
Prague;0
Preston;1
Preston, Hebei;1
Preston, Ribchester;1
Preston, Shenzhen;1
Prestwick;1
Pretoria;0
Pretoria, Lagos, Mauritius;0
Prince George;0
Princeton;0
Prostějov;0
Providence;0
Purfleet;1
Putrajaya;0
Putteridge Bury;1
Pyrenees;0
Qatar;0
Quatar;0
Quebec;0
Queensland;0
Queen Square;1
Queen Square, London;1
Rabat;0
Rainham;1
Ras Al-khaimah;0
Ras Laffan;0
Ratcliffe On Soar;1
Ratcliffe On The Wreake;1
Raynes Park;1
Reading;1
Reading, Granma, Havana;1
Reading, Henley-on-thames;1
Reading, Nationwide;1
Reading, Tottenham;1
Reading, Wantage;1
Redbridge;1
Redcar;1
Redcar, Sunderland;1
Redditch;1
Redhill;1
Redruth;1
Red Sea;0
Reduit;0
Réduit;0
Regent's Park;1
Regent's Park, London;1
Reigate;1
Renfrew;1
Rewari;0
Reykjavik;0
Rhode Island;0
Richmond;1
Richmond Upon Thames;1
Ringaskiddy;0
Ringwood;1
Ripley;1
Riseholme;1
Riverside;0
Riyadh;0
Riyadh, Saudi;0
Riyadh - Saudi Arabia;0
Robina;0
Rochdale;1
Rochester;1
Rochford;1
Rockhampton;1
Roehampton;1
Roehampton Lane;1
Rome;0
Rome, Italy;0
Romford;1
Romsey;1
Rondebosch;0
Rondebosch, South Africa;1
Roskilde;0
Roskilde - Denmark;0
Roskilde, Stavanger, Oxford;1
Ross On Wye;1
Rostock;0
Rotherdam;1
Rotherham;1
Rotherham, Sheffield;1
Rotherham, South Yorkshire;1
Rotherham, Worksop;1
Rotterdam;0
Rotterdam, Netherlands;0
Royal Borough Of Greenwich;1
Royal Leamington Spa;1
Royal Leamington Spa, Rugby;1
Royal Tunbridge Wells;1
Royston;1
Rozzano;0
Ruddington;1
Rugby;1
Runcorn;1
Rutherglen;1
Rwanda;0
Ryton;1
Ryton On Dunsmore;1
Saarbruecken;0
Sackville Street, Manchester;1
Saffron Walden;1
Saigon South;0
Saint Albans;1
Saint Albans, Hertfordshire;1
Saint Albans, Welwyn Garden City;1
Saint Albans, Welwyn Garden City, Oaklands;1
Saint Andrew;1
Saint Andrews;1
Saint Asaph;1
Saint Asaph, Wrexham;1
Saint Augustine;0
Saint Augustine, Trinidad And Tobago;0
Saint Augustine, Trinidad And Tobago - Trinidad And Tobago;0
Saint Helens;1
Saint Kitts;0
Saint Leonards;1
Saint Lucia;0
Saint Pancras;1
Sale;1
Salford;1
Salford, Dijon;1
Salisbury;1
Salzburg;0
Samoa;0
Sandbach;1
Sandhurst;1
Sand Hutton;1
San Domenico Di Fiesole;0
Sandwell;1
Sandy;1
San Francisco;0
San Michele All'adige - Italy, Euxton;0
Sanquhar;1
San Sebastian;0
San Sebastián;0
San Sebastián - Spain;0
San Sebastien;0
Sant Cugat;0
Santiago;0
Sarajevo;0
Sarawak;0
Saskatchewan;0
Saskatoon;0
Saudi;0
Saudi Arabia;0
Savannah;0
Savannah - United States;0
Scalloway;1
Scarborough;1
Schweinfurt;0
Scotland;1
Scunthorpe;1
Seaford;1
Seattle;0
Sedgefield;1
Segovia;0
Selangor;0
Selangor, Malaysia;0
Selly Oak;1
Semenyih;0
Send;0
Seoul;0
Seoul, South Korea;0
Seoul, Suwon;0
Settle;1
Sevenoaks;1
Shaftesbury;1
Shandong;0
Shanghai;0
Shanghai, Beijing;0
Shanghai, Beijing, Guangdong, Etc.;0
Shanghai - China;0
Shanghai, China;0
Shanghai - China, Edinburgh;1
Shanghai, Pudong;0
Shanghi;0
Shantou;0
Sharjah;0
Shatin;0
Sheerness;1
Sheffield;1
Sheffield, Catcliffe;1
Sheffield, Sevillle;1
Sheffield, Singapore;1
Sheffield, Sutton-in-ashfield;1
Shengdu;0
Shenyang;0
Shenyang - China;0
Shenzen;0
Shenzhan;0
Shenzhen;0
Shenzhen - China;0
Shenzhen, China;0
Shenzhen, China - China;0
Shepherd's Bush;1
Shepherds Bush;1
Shepherd's Bush London;1
Shetland;1
Shoreditch;1
Shrewsbury;1
Shrewsbury, Stafford, Stoke-on-trent;1
Shrivenham;1
Shropshire;1
Sibeliuslaan;0
Sidcup;1
Sierra Leone;0
Sierra Leone, Kambia;0
Sighthill;1
Silkeborg;0
Singapore;0
Singapore, Fontainebleau;0
Sippy Downs;0
Sisimiut;0
Sittingbourne;1
Skegness;1
Skelmersdale;1
Skipton;1
Skirbeck;1
Skolkovo;0
Skye;1
Slagelse;0
Sleaford;1
Sleat;1
Sligo;0
Sligo, Ireland;0
Sligo, Mayo, Ballinasloe, Donegal;0
Slimbridge;1
Slough;1
Slough, Swansea, York;1
Soeul;0
Sohar;0
Solihull;1
Solihull, West Midlands;1
Somerset;1
Soran;0
Sorengo;0
South Africa, Edinburgh;1
South Africa, Witwatersrand;0
Southampton;1
Southampton, Copenhagen;1
Southampton, Dalian;1
Southampton, Groningen;1
Southampton, Hampshire;1
Southampton, Hong Kong;1
Southampton, Singapore;1
Southampton, Winchester;1
Southampton, Xiamen;1
Southbank;1
South Bank;1
Southend;1
Southend-on-sea;1
Southgate;1
South Georgia;0
South Kensington;1
South Mimms;1
South Tawton;1
Southwark;1
Southwater;1
Southwell;1
South Yorkshire;1
Soweto;0
Spain, Miñano;0
Spain, San Sebastián;0
Spalding;1
Spalding, Wellesbourne;1
Sparsholt;1
Sparsholt, Winchester;1
Speyer - Germany;0
Stafford;1
Stafford, Beaconside;1
Staffordshire;1
Stafford, Staffordshire;1
St Albans;1
Stamford;1
St Andrews;1
Stanford;0
Stanford - United States;0
Stanley;0
Stanmore;1
Startforth;1
St Augustine;0
St. Augustine;0
Staveley;1
Stellenbosch;0
Stellenbosch - South Africa;0
Stevenage;1
St Gallen;0
St. Gallen;0
St. Helens;1
St Helier;1
Stirling;1
Stirling, Fort Collins;1
Stirling, United Kingdom;1
St Kitts;0
St. Kitts;0
St Lucia;0
St Lucia, Brisbane;0
St Michael;0
Stockholm;0
Stockport;1
Stockton;1
Stockton-on-tees;1
Stockton-on-tees, Stokesley;1
Stoke;1
Stoke Gifford;1
Stoke Heath;1
Stoke-on-trent;1
Stokesley;1
Stoke-upon-trent;1
Stonehaven;1
Stonehouse;1
Stoneleigh;1
Stormont, Belfast;1
Stornoway;1
Stourbridge;1
Stowe;1
Stowmarket;1
St. Petersburg;0
Stradishall;1
Stralsund;0
Strand;1
Strasbourg;0
Strasbourg, France, Marseille;0
Stratford;1
Stratford, Central London;1
Strathfield;0
Streatham;1
Street;1
Stroud;1
Styal;1
Sudan;0
Sudbury;1
Suffolk;1
Sunderland;1
Sunshine Coast;0
Surbiton;1
Surrey;1
Surrey, Berkshire;1
Sussex;1
Sutton;1
Sutton Bonington;1
Sutton Bonington, Nottingham;1
Sutton Coldfield;1
Sutton, Surrey;1
Suva;0
Suzhou;0
Suzhou - China;0
Suzhou, China;0
Suzhou, Dalian, Shanghai, Ningbo, Chengdu, Beijing, Shenzhen, Hangzhou, Nanjing, Tianjin, Xi'an, Changchun, Changzhou, Wuxi, Zhangjiagang, Taizhou;0
Swanage;1
Swansea;1
Swansea, Grenoble;1
Swansea, Texas;1
Sweden;0
Swinburne;1
Swindon;1
Swindon, London;1
Switzerland;0
Switzerland, Neuchâtel;0
Sydeny;0
Sydney;0
Sydney - Australia;0
Sydney, Australia;0
Sydney, Australia - Australia;0
Sydney, Brisbane;0
Sydney, Shanghai;0
Sydney, Ultimo;0
Tadworth;1
Taipa;0
Taipa - Macao;0
Taipei;0
Taipei City, Taiwan;0
Taipo;0
Tai Po;0
Taiwan;0
Tallinn;0
Tamaki;0
Tampa;0
Tamworth;1
Tanzania;0
Tanzania, Malawi, Zambia, Cameroon;0
Tanzania, Mwanza;0
Tanzania - Tanzania, United Republic Of, Lancaster;1
Tarragona - Spain;0
Tartu;0
Tartu, Estonia;0
Tashkent;0
Tasmania;0
Tasmania, Australia;0
Tasmania, Hobart;0
Tasmania, Launceston;0
Taunton;1
Teddington;1
Teesside County Borough;1
Tehran;0
Teignbridge;1
Telford;1
Telford, Birmingham;1
Temasek;0
Tenbury Wells;1
Texas;0
Texas, Houston;0
Thameshead East;1
Thameshead (ne-bound);1
Thamesmead;1
Thatcham;1
The Gambia;0
The Hague;0
The Hague - Netherlands;0
The North Of England;1
Thetford;1
Thirsk;1
Thompson River;0
Thorne;1
Thorp Arch;1
Thunder Bay;0
Thurles;0
Thurso;1
Thurso, Shetland;1
Thuwal;0
Tianjin;0
Tianjin - China;0
Tilburg;0
Tilburg, Netherlands;0
Tirana - Albania;0
Tirana, Albania;0
Titchfield;1
Tokyo;0
Tokyo - Japan;0
Tokyo, Japan, Meguro, Komaba;0
Tokyo, Japan, Saitama;0
Tokyo, Saitama;0
Tonbridge;1
Toowoomba;0
Toronto;0
Toronto, Canada;0
Torquay;1
Tortworth;1
Totnes;1
Tottenham;1
Tottenham Hale;1
Toulouse, France;0
Townsville;0
Townsville - Australia;0
Townsville, Cairns;0
Tralee;0
Treforest;1
Treforest, Pontypridd;1
Trento;0
Trento, Torino;0
Tring, Leuven, Aachen;1
Trinidad And Tobago;0
Trinidad, St Augustine, Tabago;0
Tromso;0
Trondheim;0
Trondheim, Norway;1
Trondheim, Oslo;0
Trowbridge;1
Truro;1
Truro, Cornwall;1
Truro, Cornwall, Treliske;1
Tubingen;0
Tübingen;0
Tucson, Folkestone;1
Tuebingen;0
Tuen Mun;0
Tunbridge Wells;1
Turku;0
Turners Hill;1
Tuscaloosa;0
Tw20 0;1
Twente;0
Twickenham;1
Twineham;1
Tygerberg;0
Tyrone;1
Ub8 3;1
Uckfield;1
Uganda, London;1
Ullapool;1
Ullenwood;1
Ulster;1
UmeÂ;0
Umea;0
Umeå;0
Unaizah;0
United Arab Emirates;0
United Kingdom;1
United Kingdom, Europe;1
United States;0
United States, Providence - United States;0
United States, Salt Lake City;0
Upper Dicker;1
Uppsala;0
Urduliz - Spain;0
Utrecht;0
Uttoxeter;1
Uxbridge;1
Uzbekistan;0
Vacoas;0
Valencia;0
Vancouver;0
Various;0
Various Locations;0
Various Locations In China;0
Vauxhall;1
Vaxjo;0
Venice;0
Victoria;0
Vienna;0
Vienna, Austria;0
Vietnam;0
Vilnius;0
Vilnius - Lithuania;0
Virtual;1
Vladivostok;0
Vorchdorf;0
Wageningen;0
Wagga Wagga;0
Wagga Wagga, Port Macquarie;0
Waikato;0
Waikato - New Zealand;0
Waikato, New Zealand;0
Wakefield;1
Wakefield, Lincolnshire;1
Wakefield, South Kirkby;1
Wakehurst Place, West Sussex;1
Wales;1
Walford;1
Wallingford;1
Walsall;1
Walsall, Wolverhampton;1
Waltham;1
Wandsworth;1
Wantage;1
Wardington;1
Ware;1
Warrington;1
Warrington, Cheshire;1
Warsash;1
Warsaw;0
Warsaw - Poland;0
Warwick;1
Waseda - Japan;0
Washington;1
Washington Dc;0
Waterloo;0
Watford;1
Wc1e 7;1
Wc1h 0;1
Wc1v 7;1
Wc1x 0;1
Wc2r 0;1
Weihai;0
Wellesbourne;1
Wellingborough;1
Wellingborough, Northamptonshire;1
Wellington;0
Wellington, Albany;0
Wellington, Albany, Palmerston City;0
Wellington, Albany, Palmerston North;0
Wellington - New Zealand;0
Wellington, New Zealand;0
Wellington, New Zealand - New Zealand;0
Wellington, Palmerston North;0
Wellington, Xiamen, China;0
Wells Next The Sea;1
Welwyn;1
Welwyn Garden City;1
Welwyn Garden City, Hertfordshire;1
Wembley;1
Wembley, Greater London;1
Werrington;1
West Bromwich;1
West Clandon;1
West Coast;0
West Dean;1
Western Sydney;0
West Kensington;1
West London;1
West Malling;1
Westmeath;0
West Midlands;1
Westminster;1
Westminster, Central London;1
Weston-super-mare;1
Westward Ho;1
West Yorkshire;1
Wetherby;1
Wetherby, West Yorkshire;1
Wexford;0
Wexford, Coleraine;1
Weybridge;1
Weybridge, Worcester;1
Weymouth;1
Wheathampstead;1
Wheatley;1
Whitby;1
Whitchurch;1
Whitechapel;1
Whitechapel Road;1
Whitecross;1
Whitehaven;1
Whittlesford;1
Widnes;1
Wien;0
Wiesbaden;0
Wigan;1
Wigston;1
Willenhall;1
Willoughby;0
Wilmslow;1
Wilton;1
Wiltshire;1
Wiltshire, Bristol, Devizes;1
Wimbledon;1
Wimborne;1
Winchelsea;1
Winchester;1
Winchester, Dalian;1
Windermere;1
Windsor;1
Winnipeg;0
Winnipeg - Canada;0
Winsley;1
Winterthur;0
Wirral;1
Wishaw;1
Wisley;1
Witten;0
Witwatersrand;1
Wiveliscombe;1
Wivenhoe;1
Wohlen Bei Bern;0
Woking;1
Wokingham;1
Wollongong;0
Wollongong - Australia;0
Wollongong, Australia;0
Wolverhampton;1
Woodstock;1
Woolwich;1
Worcester;1
Workington;1
Worksop;1
Worplesdon;1
Worthing;1
Wotton-under-edge;1
Wrexham;1
Writtle;1
Wuhan;0
Würzburg - Germany, Southampton;1
Wythenshawe;1
Xiamen;0
Xiamen - China, Wellington - New Zealand;0
Xi'an Jiaotong;0
Yachay;0
Yancheng;0
Yangon;0
Yateley;1
Yeovil;1
York;1
York, Bangladesh;1
Yoxford;1
Zamudio;0
Zaragoza;0
Zhengzhou;0
Zhengzhou, Zhumadian;0
Zhengzhou, Zhumadian - China;0
Zhuhai;0
Zhumadian;0
Zibo;0
Zurich;0
Zürich;0
